SNP,Chromosome,Position,Variant,Raw Score,PHRED
rs1050979,chr6,410417,A/G,0.186295,3.884
rs9405661,chr6,424915,C/A,-0.135825,0.81
rs13217044,chr6,8226764,A/G,0.179548,3.796
rs12203596,chr6,17120009,A/C,0.743786,9.401
rs4320356,chr6,26423332,C/T,-0.104212,0.98
rs114631266,chr6,29058810,C/T,0.008689,1.83
rs2471863,chr6,29931850,C/T,-0.649924,0.016
rs9260151,chr6,29943253,C/T,0.837002,10.3
rs34941730,chr6,29946109,T/G,0.207503,4.16
rs886424,chr6,30814225,C/T,0.047585,2.211
rs118124843,chr6,30919688,C/T,-0.092215,1.052
rs116020851,chr6,30954755,C/T,0.147817,3.385
rs1265057,chr6,31110838,T/C,-0.01593,1.612
rs116763857,chr6,31173705,T/G,0.187119,3.895
rs9264758,chr6,31280657,A/G,0.800175,9.929
rs2251396,chr6,31396930,G/A,0.086204,2.631
rs9501130,chr6,31449679,G/T,0.044089,2.175
rs3093664,chr6,31576865,A/G,0.088042,2.652
rs2857595,chr6,31600692,G/A,-0.093001,1.047
rs1270942,chr6,31951083,A/G,0.714381,9.147
rs3134938,chr6,32238711,C/T,0.137088,3.248
rs926592,chr6,32337881,C/A,0.122543,3.065
rs1980493,chr6,32395438,T/C,-0.133521,0.821
rs3135365,chr6,32421478,C/A,0.874994,10.68
rs9268576,chr6,32427864,T/C,0.094838,2.731
rs9268645,chr6,32440750,C/G,0.057837,2.318
rs9268853,chr6,32461866,T/C,-0.072822,1.177
rs138748427,chr6,32516743,C/A,-0.102711,0.989
rs7760731,chr6,32615624,C/A,0.374973,6.123
rs9272346,chr6,32636595,G/A,0.164611,3.602
rs9273363,chr6,32658495,C/A,-0.303637,0.255
rs9273368,chr6,32658698,G/A,0.074251,2.497
rs1770,chr6,32660056,A/G,-0.023253,1.55
rs9275358,chr6,32700118,C/G,0.0713,2.464
rs2647044,chr6,32700133,G/A,0.046156,2.196
rs3135002,chr6,32700662,A/C,0.631472,8.458
rs35122968,chr6,32714422,T/C,1.110978,13.21
rs3997848,chr6,32714617,T/G,0.08501,2.618
rs1015166,chr6,32830954,C/T,-0.039965,1.416
rs241427,chr6,32836637,A/G,0.100441,2.797
rs4148870,chr6,32838614,C/T,0.282742,5.097
rs3128930,chr6,33107889,C/T,-0.072035,1.182
rs3761980,chr6,36026129,A/G,-0.057768,1.282
rs80028505,chr6,36030611,C/T,0.051038,2.246
rs78824139,chr6,64748694,C/T,-0.257295,0.361
rs17711850,chr6,90155151,T/C,0.692931,8.967
rs3757247,chr6,90247744,C/T,0.104361,2.844
rs11755527,chr6,90248512,C/G,0.10252,2.822
rs72928038,chr6,90267049,G/A,1.665847,16.67
rs9354144,chr6,94847753,T/A,-0.048995,1.347
rs11154178,chr6,123540174,T/A,-0.032986,1.471
rs9388489,chr6,126377573,A/G,-0.099894,1.005
rs1578060,chr6,126391101,G/C,-0.376144,0.145
rs1538171,chr6,126431738,C/G,-0.315739,0.233
rs12665429,chr6,137682468,T/C,0.194359,3.989
rs6931865,chr6,143758717,A/G,0.060894,2.351
rs212408,chr6,159049210,G/T,-0.032712,1.473
rs9356171,chr6,163922743,A/G,-0.105901,0.97
rs73043122,chr6,166969779,G/C,0.041493,2.148
rs924043,chr6,170063801,T/C,-0.030459,1.491
